Date,Close
2011-10-21,8.49
2011-10-24,8.54
2011-10-25,8.4
2011-10-26,8.48
2011-10-27,8.68
2011-10-28,8.67
2011-10-31,8.5
2011-11-01,8.31
2011-11-02,8.42
2011-11-03,8.55
2011-11-04,8.51
2011-11-07,8.56
2011-11-08,8.67
2011-11-09,8.41
2011-11-10,8.49
2011-11-11,8.65
2011-11-14,8.59
2011-11-15,8.62
2011-11-16,8.5
2011-11-17,8.39
2011-11-18,8.43
2011-11-21,8.27
2011-11-22,8.24
2011-11-23,8.1
2011-11-25,8.08
2011-11-28,8.27
2011-11-29,8.33
2011-11-30,8.64
2011-12-01,8.63
2011-12-02,8.61
2011-12-05,8.67
2011-12-06,8.7
2011-12-07,8.73
2011-12-08,8.58
2011-12-09,8.7
2011-12-12,8.59
2011-12-13,8.53
2011-12-14,8.46
2011-12-15,8.5
2011-12-16,8.5
2011-12-19,8.4
2011-12-20,8.61
2011-12-21,8.64
2011-12-22,8.68
2011-12-23,8.76
2011-12-27,8.79
2011-12-28,8.69
2011-12-29,8.78
2011-12-30,8.73
2012-01-03,8.81
2012-01-04,8.81
2012-01-05,8.8
2012-01-06,8.76
2012-01-09,8.78
2012-01-10,8.84
2012-01-11,8.81
2012-01-12,8.81
2012-01-13,8.77
2012-01-17,8.82
2012-01-18,8.89
2012-01-19,8.93
2012-01-20,8.95
2012-01-23,8.95
2012-01-24,8.94
2012-01-25,8.99
2012-01-26,8.96
2012-01-27,8.92
2012-01-30,8.89
2012-01-31,8.87
2012-02-01,8.93
2012-02-02,8.93
2012-02-03,9.02
2012-02-06,9.02
2012-02-07,9.03
2012-02-08,9.03
2012-02-09,9.03
2012-02-10,8.98
2012-02-13,9.02
2012-02-14,9.02
2012-02-15,8.97
2012-02-16,9.05
2012-02-17,9.1
2012-02-21,9.08
2012-02-22,9.06
2012-02-23,9.1
2012-02-24,9.12
2012-02-27,9.13
2012-02-28,9.16
2012-02-29,9.12
2012-03-01,9.15
2012-03-02,9.13
2012-03-05,9.12
2012-03-06,9.01
2012-03-07,9.06
2012-03-08,9.11
2012-03-09,9.13
2012-03-12,9.17
2012-03-13,9.28
2012-03-14,9.26
2012-03-15,9.29
2012-03-16,9.29
2012-03-19,9.26
2012-03-20,9.23
2012-03-21,9.22
2012-03-22,9.17
2012-03-23,9.19
2012-03-26,9.3
2012-03-27,9.29
2012-03-28,9.25
2012-03-29,9.27
2012-03-30,9.3
2012-04-02,9.36
2012-04-03,9.31
2012-04-04,9.26
2012-04-05,9.25
2012-04-09,9.15
2012-04-10,9.02
2012-04-11,9.08
2012-04-12,9.17
2012-04-13,9.1
2012-04-16,9.14
2012-04-17,9.24
2012-04-18,9.21
2012-04-19,9.17
2012-04-20,9.21
2012-04-23,9.13
2012-04-24,9.15
2012-04-25,9.24
2012-04-26,9.3
2012-04-27,9.31
2012-04-30,9.29
2012-05-01,9.33
2012-05-02,9.32
2012-05-03,9.29
2012-05-04,9.19
2012-05-07,9.19
2012-05-08,9.16
2012-05-09,9.09
2012-05-10,9.12
2012-05-11,9.12
2012-05-14,9.06
2012-05-15,9.03
2012-05-16,9.03
2012-05-17,8.92
2012-05-18,8.86
2012-05-21,8.94
2012-05-22,8.95
2012-05-23,8.94
2012-05-24,9
2012-05-25,8.96
2012-05-29,9.04
2012-05-30,8.94
2012-05-31,8.93
2012-06-01,8.76
2012-06-04,8.76
2012-06-05,8.79
2012-06-06,8.95
2012-06-07,9
2012-06-08,9.05
2012-06-11,8.99
2012-06-12,9.07
2012-06-13,9.03
2012-06-14,9.13
2012-06-15,9.2
2012-06-18,9.14
2012-06-19,9.2
2012-06-20,9.16
2012-06-21,9.01
2012-06-22,9.06
2012-06-25,8.95
2012-06-26,8.98
2012-06-27,9.06
2012-06-28,9.05
2012-06-29,9.25
2012-07-02,9.25
2012-07-03,9.3
2012-07-05,9.28
2012-07-06,9.23
2012-07-09,9.21
2012-07-10,9.18
2012-07-11,9.17
2012-07-12,9.16
2012-07-13,9.29
2012-07-16,9.27
2012-07-17,9.33
2012-07-18,9.4
2012-07-19,9.44
2012-07-20,9.37
2012-07-23,9.28
2012-07-24,9.2
2012-07-25,9.23
2012-07-26,9.38
2012-07-27,9.5
2012-07-30,9.52
2012-07-31,9.48
2012-08-01,9.46
2012-08-02,9.38
2012-08-03,9.52
2012-08-06,9.5
2012-08-07,9.52
2012-08-08,9.54
2012-08-09,9.53
2012-08-10,9.56
2012-08-13,9.54
2012-08-14,9.57
2012-08-15,9.57
2012-08-16,9.61
2012-08-17,9.61
2012-08-20,9.61
2012-08-21,9.57
2012-08-22,9.54
2012-08-23,9.48
2012-08-24,9.55
2012-08-27,9.55
2012-08-28,9.55
2012-08-29,9.54
2012-08-30,9.49
2012-08-31,9.54
2012-09-04,9.51
2012-09-05,9.49
2012-09-06,9.65
2012-09-07,9.64
2012-09-10,9.59
2012-09-11,9.61
2012-09-12,9.59
2012-09-13,9.72
2012-09-14,9.73
2012-09-17,9.65
2012-09-18,9.65
2012-09-19,9.65
2012-09-20,9.65
2012-09-21,9.65
2012-09-24,9.67
2012-09-25,9.61
2012-09-26,9.57
2012-09-27,9.62
2012-09-28,9.58
2012-10-01,9.62
2012-10-02,9.61
2012-10-03,9.63
2012-10-04,9.68
2012-10-05,9.72
2012-10-08,9.71
2012-10-09,9.64
2012-10-10,9.55
2012-10-11,9.55
2012-10-12,9.55
2012-10-15,9.64
2012-10-16,9.72
2012-10-17,9.74
2012-10-18,9.75
2012-10-19,9.62
2012-10-22,9.61
2012-10-23,9.48
2012-10-24,9.45
2012-10-25,9.5
2012-10-26,9.48
2012-10-31,9.49
2012-11-01,9.56
2012-11-02,9.48
2012-11-05,9.48
2012-11-06,9.56
2012-11-07,9.39
2012-11-08,9.28
2012-11-09,9.3
2012-11-12,9.3
2012-11-13,9.29
2012-11-14,9.18
2012-11-15,9.15
2012-11-16,9.19
2012-11-19,9.31
2012-11-20,9.32
2012-11-21,9.34
2012-11-23,9.46
2012-11-26,9.44
2012-11-27,9.41
2012-11-28,9.48
2012-11-29,9.5
2012-11-30,9.54
2012-12-03,9.47
2012-12-04,9.47
2012-12-05,9.5
2012-12-06,9.54
2012-12-07,9.59
2012-12-10,9.59
2012-12-11,9.64
2012-12-12,9.62
2012-12-13,9.57
2012-12-14,9.56
2012-12-17,9.62
2012-12-18,9.7
2012-12-19,9.64
2012-12-20,9.68
2012-12-21,9.61
2012-12-24,9.49
2012-12-26,9.44
2012-12-27,9.43
2012-12-28,9.32
2012-12-31,9.45
2013-01-02,9.65
2013-01-03,9.64
2013-01-04,9.69
2013-01-07,9.66
2013-01-08,9.63
2013-01-09,9.67
2013-01-10,9.73
2013-01-11,9.74
2013-01-14,9.76
2013-01-15,9.78
2013-01-16,9.77
2013-01-17,9.87
2013-01-18,9.88
2013-01-22,9.9
2013-01-23,9.92
2013-01-24,9.96
2013-01-25,10
2013-01-28,10
2013-01-29,10.06
2013-01-30,10.02
2013-01-31,9.97
2013-02-01,10.07
2013-02-04,9.97
2013-02-05,10.05
2013-02-06,10.06
2013-02-07,10.06
2013-02-08,10.08
2013-02-11,10.08
2013-02-12,10.1
2013-02-13,10.09
2013-02-14,10.1
2013-02-15,10.11
2013-02-19,10.18
2013-02-20,10.11
2013-02-21,10.09
2013-02-22,10.16
2013-02-25,10.03
2013-02-26,10.1
2013-02-27,10.2
2013-02-28,10.18
2013-03-01,10.22
2013-03-04,10.27
2013-03-05,10.34
2013-03-06,10.35
2013-03-07,10.36
2013-03-08,10.4
2013-03-11,10.43
2013-03-12,10.43
2013-03-13,10.45
2013-03-14,10.48
2013-03-15,10.46
2013-03-18,10.35
2013-03-19,10.37
2013-03-20,10.45
2013-03-21,10.41
2013-03-22,10.49
2013-03-25,10.46
2013-03-26,10.55
2013-03-27,10.55
2013-03-28,10.6
2013-04-01,10.57
2013-04-02,10.62
2013-04-03,10.53
2013-04-04,10.57
2013-04-05,10.53
2013-04-08,10.58
2013-04-09,10.64
2013-04-10,10.73
2013-04-11,10.75
2013-04-12,10.75
2013-04-15,10.54
2013-04-16,10.68
2013-04-17,10.59
2013-04-18,10.57
2013-04-19,10.7
2013-04-22,10.76
2013-04-23,10.85
2013-04-24,10.82
2013-04-25,10.84
2013-04-26,10.83
2013-04-29,10.9
2013-04-30,10.91
2013-05-01,10.84
2013-05-02,10.93
2013-05-03,11.03
2013-05-06,11.02
2013-05-07,11.06
2013-05-08,11.07
2013-05-09,11.06
2013-05-10,11.08
2013-05-13,11.09
2013-05-14,11.21
2013-05-15,11.3
2013-05-16,11.22
2013-05-17,11.32
2013-05-20,11.31
2013-05-21,11.34
2013-05-22,11.28
2013-05-23,11.25
2013-05-24,11.27
2013-05-28,11.34
2013-05-29,11.2
2013-05-30,11.22
2013-05-31,11.07
2013-06-03,11.17
2013-06-04,11.12
2013-06-05,10.98
2013-06-06,11.04
2013-06-07,11.19
2013-06-10,11.19
2013-06-11,11.11
2013-06-12,11.03
2013-06-13,11.15
2013-06-14,11.11
2013-06-17,11.19
2013-06-18,11.26
2013-06-19,11.09
2013-06-20,10.82
2013-06-21,10.89
2013-06-24,10.73
2013-06-25,10.79
2013-06-26,10.92
2013-06-27,10.96
2013-06-28,10.9
2013-07-01,10.97
2013-07-02,10.95
2013-07-03,10.95
2013-07-05,11.03
2013-07-08,11.11
2013-07-09,11.2
2013-07-10,11.2
2013-07-11,11.37
2013-07-12,11.37
2013-07-15,11.4
2013-07-16,11.36
2013-07-17,11.39
2013-07-18,11.41
2013-07-19,11.41
2013-07-22,11.41
2013-07-23,11.42
2013-07-24,11.39
2013-07-25,11.4
2013-07-26,11.41
2013-07-29,11.38
2013-07-30,11.39
2013-07-31,11.4
2013-08-01,11.5
2013-08-02,11.5
2013-08-05,11.48
2013-08-06,11.46
2013-08-07,11.43
2013-08-08,11.47
2013-08-09,11.42
2013-08-12,11.39
2013-08-13,11.42
2013-08-14,11.34
2013-08-15,11.16
2013-08-16,11.13
2013-08-19,11.09
2013-08-20,11.1
2013-08-21,11.02
2013-08-22,11.1
2013-08-23,11.18
2013-08-26,11.12
2013-08-27,10.98
2013-08-28,11.02
2013-08-29,11.02
2013-08-30,11
2013-09-03,10.99
2013-09-04,11.08
2013-09-05,11.07
2013-09-06,11.07
2013-09-09,11.17
2013-09-10,11.26
2013-09-11,11.31
2013-09-12,11.29
2013-09-13,11.36
2013-09-16,11.45
2013-09-17,11.49
2013-09-18,11.62
2013-09-19,11.63
2013-09-20,11.52
2013-09-23,11.4
2013-09-24,11.38
2013-09-25,11.32
2013-09-26,11.35
2013-09-27,11.28
2013-09-30,11.22
2013-10-01,11.27
2013-10-02,11.23
2013-10-03,11.14
2013-10-04,11.18
2013-10-07,11.12
2013-10-08,11.04
2013-10-09,11.05
2013-10-10,11.28
2013-10-11,11.35
2013-10-14,11.4
2013-10-15,11.31
2013-10-16,11.44
2013-10-17,11.54
2013-10-18,11.54
2013-10-21,11.53
2013-10-22,11.61
2013-10-23,11.6
2013-10-24,11.64
2013-10-25,11.71
2013-10-28,11.77
2013-10-29,11.86
2013-10-30,11.78
2013-10-31,11.78
2013-11-01,11.8
2013-11-04,11.84
2013-11-05,11.83
2013-11-06,11.94
2013-11-07,11.81
2013-11-08,11.91
2013-11-11,11.91
2013-11-12,11.9
2013-11-13,11.97
2013-11-14,12.04
2013-11-15,12.08
2013-11-18,12.05
2013-11-19,12.04
2013-11-20,12
2013-11-21,12.07
2013-11-22,12.12
2013-11-25,12.1
2013-11-26,12.07
2013-11-27,12.09
2013-11-29,12.08
2013-12-02,12.02
2013-12-03,12
2013-12-04,11.97
2013-12-05,11.92
2013-12-06,12.09
2013-12-09,12.1
2013-12-10,12.03
2013-12-11,11.93
2013-12-12,11.85
2013-12-13,11.84
2013-12-16,11.9
2013-12-17,11.87
2013-12-18,12.07
2013-12-19,12.05
2013-12-20,12.12
2013-12-23,12.05
2013-12-24,12.09
2013-12-26,12.18
2013-12-27,12.18
2013-12-30,12.19
2013-12-31,12.22
2014-01-02,12.1
2014-01-03,12.12
2014-01-06,12.07
2014-01-07,12.14
2014-01-08,12.1
2014-01-09,12.12
2014-01-10,12.15
2014-01-13,12.01
2014-01-14,12.11
2014-01-15,12.14
2014-01-16,12.14
2014-01-17,12.08
2014-01-21,12.09
2014-01-22,12.11
2014-01-23,11.99
2014-01-24,11.78
2014-01-27,11.75
2014-01-28,11.82
2014-01-29,11.69
2014-01-30,11.74
2014-01-31,11.68
2014-02-03,11.4
2014-02-04,11.42
2014-02-05,11.42
2014-02-06,11.54
2014-02-07,11.68
2014-02-10,11.7
2014-02-11,11.83
2014-02-12,11.84
2014-02-13,11.88
2014-02-14,11.97
2014-02-18,11.94
2014-02-19,11.88
2014-02-20,11.97
2014-02-21,11.94
2014-02-24,12
2014-02-25,12.01
2014-02-26,12.01
2014-02-27,12.07
2014-02-28,12.13
2014-03-03,12.04
2014-03-04,12.21
2014-03-05,12.17
2014-03-06,12.18
2014-03-07,12.21
2014-03-10,12.2
2014-03-11,12.17
2014-03-12,12.19
2014-03-13,12.06
2014-03-14,12.05
2014-03-17,12.15
2014-03-18,12.21
2014-03-19,12.14
2014-03-20,12.19
2014-03-21,12.18
2014-03-24,12.08
2014-03-25,12.16
2014-03-26,12.12
2014-03-27,12.13
2014-03-28,12.2
2014-03-31,12.28
2014-04-01,12.32
2014-04-02,12.36
2014-04-03,12.37
2014-04-04,12.27
2014-04-07,12.2
2014-04-08,12.25
2014-04-09,12.33
2014-04-10,12.16
2014-04-11,12.08
2014-04-14,12.16
2014-04-15,12.25
2014-04-16,12.36
2014-04-17,12.42
2014-04-21,12.45
2014-04-22,12.45
2014-04-23,12.42
2014-04-24,12.4
2014-04-25,12.35
2014-04-28,12.48
2014-04-29,12.48
2014-04-30,12.51
2014-05-01,12.46
2014-05-02,12.47
2014-05-05,12.46
2014-05-06,12.39
2014-05-07,12.49
2014-05-08,12.49
2014-05-09,12.52
2014-05-12,12.58
2014-05-13,12.6
2014-05-14,12.56
2014-05-15,12.44
2014-05-16,12.48
2014-05-19,12.48
2014-05-20,12.41
2014-05-21,12.51
2014-05-22,12.51
2014-05-23,12.54
2014-05-27,12.57
2014-05-28,12.57
2014-05-29,12.62
2014-05-30,12.67
2014-06-02,12.67
2014-06-03,12.65
2014-06-04,12.64
2014-06-05,12.72
2014-06-06,12.76
2014-06-09,12.78
2014-06-10,12.78
2014-06-11,12.73
2014-06-12,12.66
2014-06-13,12.72
2014-06-16,12.78
2014-06-17,12.79
2014-06-18,12.87
2014-06-19,12.91
2014-06-20,12.95
2014-06-23,12.84
2014-06-24,12.77
2014-06-25,12.8
2014-06-26,12.77
2014-06-27,12.79
2014-06-30,12.76
2014-07-01,12.82
2014-07-02,12.84
2014-07-03,12.9
2014-07-07,12.88
2014-07-08,12.83
2014-07-09,12.87
2014-07-10,12.85
2014-07-11,12.85
2014-07-14,12.91
2014-07-15,12.89
2014-07-16,13
2014-07-17,12.87
2014-07-18,12.96
2014-07-21,12.94
2014-07-22,12.96
2014-07-23,12.96
2014-07-24,12.96
2014-07-25,12.91
2014-07-28,12.89
2014-07-29,12.83
2014-07-30,12.78
2014-07-31,12.54
2014-08-01,12.51
2014-08-04,12.57
2014-08-05,12.45
2014-08-06,12.48
2014-08-07,12.42
2014-08-08,12.55
2014-08-11,12.58
2014-08-12,12.57
2014-08-13,12.65
2014-08-14,12.69
2014-08-15,12.69
2014-08-18,12.78
2014-08-19,12.84
2014-08-20,12.88
2014-08-21,12.92
2014-08-22,12.88
2014-08-25,12.92
2014-08-26,12.93
2014-08-27,12.94
2014-08-28,12.94
2014-08-29,12.97
2014-09-02,12.93
2014-09-03,12.95
2014-09-04,12.96
2014-09-05,13.02
2014-09-08,12.98
2014-09-09,12.92
2014-09-10,12.94
2014-09-11,12.95
2014-09-12,12.87
2014-09-15,12.92
2014-09-16,13.01
2014-09-17,13.03
2014-09-18,13.09
2014-09-19,13.14
2014-09-22,12.98
2014-09-23,12.89
2014-09-24,12.99
2014-09-25,12.83
2014-09-26,12.9
2014-09-29,12.9
2014-09-30,12.85
2014-10-01,12.69
2014-10-02,12.67
2014-10-03,12.78
2014-10-06,12.79
2014-10-07,12.62
2014-10-08,12.82
2014-10-09,12.59
2014-10-10,12.48
2014-10-13,12.31
2014-10-14,12.32
2014-10-15,12.24
2014-10-16,12.2
2014-10-17,12.35
2014-10-20,12.46
2014-10-21,12.63
2014-10-22,12.57
2014-10-23,12.65
2014-10-24,12.77
2014-10-27,12.78
2014-10-28,12.89
2014-10-29,12.91
2014-10-30,12.95
2014-10-31,13.11
2014-11-03,13.09
2014-11-04,13.11
2014-11-05,13.17
2014-11-06,13.23
2014-11-07,13.24
2014-11-10,13.28
2014-11-11,13.28
2014-11-12,13.29
2014-11-13,13.32
2014-11-14,13.32
2014-11-17,13.34
2014-11-18,13.38
2014-11-19,13.4
2014-11-20,13.43
2014-11-21,13.49
2014-11-24,13.45
2014-11-25,13.44
2014-11-26,13.49
2014-11-28,13.5
2014-12-01,13.46
2014-12-02,13.52
2014-12-03,13.54
2014-12-04,13.52
2014-12-05,13.53
2014-12-08,13.43
2014-12-09,13.35
2014-12-10,13.16
2014-12-11,13.21
2014-12-12,13
2014-12-15,12.94
2014-12-16,12.89
2014-12-17,13.12
2014-12-18,13.41
2014-12-19,13.45
2014-12-22,13.44
2014-12-23,13.5
2014-12-24,13.48
2014-12-26,13.5
2014-12-29,13.47
2014-12-30,13.41
2014-12-31,13.28
2015-01-02,13.27
2015-01-05,13.08
2015-01-06,13
2015-01-07,13.16
2015-01-08,13.4
2015-01-09,13.3
2015-01-12,13.22
2015-01-13,13.19
2015-01-14,13.13
2015-01-15,13.08
2015-01-16,13.26
2015-01-20,13.27
2015-01-21,13.33
2015-01-22,13.48
2015-01-23,13.31
2015-01-26,13.33
2015-01-27,13.12
2015-01-28,12.95
2015-01-29,13.08
2015-01-30,12.87
2015-02-02,13.05
2015-02-03,13.25
2015-02-04,13.22
2015-02-05,13.35
2015-02-06,13.33
2015-02-09,13.27
2015-02-10,13.41
2015-02-11,13.41
2015-02-12,13.51
2015-02-13,13.56
2015-02-17,13.56
2015-02-18,13.53
2015-02-19,13.5
2015-02-20,13.55
2015-02-23,13.52
2015-02-24,13.59
2015-02-25,13.59
2015-02-26,13.57
2015-02-27,13.54
2015-03-02,13.61
2015-03-03,13.54
2015-03-04,13.46
2015-03-05,13.46
2015-03-06,13.25
2015-03-09,13.3
2015-03-10,13.1
2015-03-11,13.06
2015-03-12,13.17
2015-03-13,13.11
2015-03-16,13.26
2015-03-17,13.19
2015-03-18,13.34
2015-03-19,13.26
2015-03-20,13.39
2015-03-23,13.32
2015-03-24,13.23
2015-03-25,13.05
2015-03-26,13.03
2015-03-27,13.08
2015-03-30,13.23
2015-03-31,13.14
2015-04-01,13.06
2015-04-02,13.09
2015-04-06,13.19
2015-04-07,13.19
2015-04-08,13.19
2015-04-09,13.24
2015-04-10,13.29
2015-04-13,13.23
2015-04-14,13.27
2015-04-15,13.34
2015-04-16,13.32
2015-04-17,13.17
2015-04-20,13.31
2015-04-21,13.29
2015-04-22,13.34
2015-04-23,13.34
2015-04-24,13.38
2015-04-27,13.34
2015-04-28,13.41
2015-04-29,13.34
2015-04-30,13.24
2015-05-01,13.35
2015-05-04,13.37
2015-05-05,13.25
2015-05-06,13.19
2015-05-07,13.23
2015-05-08,13.4
2015-05-11,13.34
2015-05-12,13.3
2015-05-13,13.32
2015-05-14,13.46
2015-05-15,13.48
2015-05-18,13.48
2015-05-19,13.44
2015-05-20,13.44
2015-05-21,13.46
2015-05-22,13.4
2015-05-26,13.28
2015-05-27,13.37
2015-05-28,13.36
2015-05-29,13.3
2015-06-01,13.29
2015-06-02,13.28
2015-06-03,13.27
2015-06-04,13.15
2015-06-05,13.07
2015-06-08,13.01
2015-06-09,13.02
2015-06-10,13.16
2015-06-11,13.2
2015-06-12,13.09
2015-06-15,13.01
2015-06-16,13.08
2015-06-17,13.13
2015-06-18,13.26
2015-06-19,13.19
2015-06-22,13.18
2015-06-23,13.15
2015-06-24,13.06
2015-06-25,13.02
2015-06-26,13.01
2015-06-29,12.77
2015-06-30,12.76
2015-07-01,12.85
2015-07-02,12.85
2015-07-06,12.8
2015-07-07,12.93
2015-07-08,12.76
2015-07-09,12.76
2015-07-10,12.89
2015-07-13,13.03
2015-07-14,13.06
2015-07-15,13.02
2015-07-16,13.11
2015-07-17,13.05
2015-07-20,13.04
2015-07-21,12.94
2015-07-22,12.88
2015-07-23,12.83
2015-07-24,12.69
2015-07-27,12.63
2015-07-28,12.82
2015-07-29,12.91
2015-07-30,12.9
2015-07-31,12.85
2015-08-03,12.81
2015-08-04,12.81
2015-08-05,12.87
2015-08-06,12.79
2015-08-07,12.73
2015-08-10,12.9
2015-08-11,12.81
2015-08-12,12.85
2015-08-13,12.81
2015-08-14,12.85
2015-08-17,12.9
2015-08-18,12.85
2015-08-19,12.73
2015-08-20,12.55
2015-08-21,12.2
2015-08-24,11.74
2015-08-25,11.54
2015-08-26,11.96
2015-08-27,12.22
2015-08-28,12.24
2015-08-31,12.17
2015-09-01,11.84
2015-09-02,12.04
2015-09-03,12.09
2015-09-04,11.9
2015-09-08,12.19
2015-09-09,12
2015-09-10,12.03
2015-09-11,12.08
2015-09-14,12.02
2015-09-15,12.19
2015-09-16,12.3
2015-09-17,12.3
2015-09-18,12.1
2015-09-21,12.07
2015-09-22,11.95
2015-09-23,11.92
2015-09-24,11.91
2015-09-25,11.95
2015-09-28,11.76
2015-09-29,11.8
2015-09-30,11.98
2015-10-01,11.97
2015-10-02,12.16
2015-10-05,12.4
2015-10-06,12.43
2015-10-07,12.54
2015-10-08,12.68
2015-10-09,12.68
2015-10-12,12.65
2015-10-13,12.58
2015-10-14,12.54
2015-10-15,12.66
2015-10-16,12.73
2015-10-19,12.71
2015-10-20,12.69
2015-10-21,12.66
2015-10-22,12.97
2015-10-23,13.09
2015-10-26,13.06
2015-10-27,13.01
2015-10-28,13.12
2015-10-29,13.09
2015-10-30,13.03
2015-11-02,13.17
2015-11-03,13.22
2015-11-04,13.17
2015-11-05,13.11
2015-11-06,13.08
2015-11-09,12.94
2015-11-10,12.95
2015-11-11,12.95
2015-11-12,12.77
2015-11-13,12.65
2015-11-16,12.86
2015-11-17,12.87
2015-11-18,12.99
2015-11-19,13.02
2015-11-20,13.03
2015-11-23,13.05
2015-11-24,13.11
2015-11-25,13.09
2015-11-27,13.1
2015-11-30,13.07
2015-12-01,13.18
2015-12-02,13.06
2015-12-03,12.91
2015-12-04,13.14
2015-12-07,13.08
2015-12-08,12.96
2015-12-09,12.92
2015-12-10,12.96
2015-12-11,12.75
2015-12-14,12.85
2015-12-15,12.97
2015-12-16,13.11
2015-12-17,12.93
2015-12-18,12.71
2015-12-21,12.72
2015-12-22,12.85
2015-12-23,13.01
2015-12-24,12.98
2015-12-28,12.94
2015-12-29,13.07
2015-12-30,13
2015-12-31,12.85
2016-01-04,12.71
2016-01-05,12.78
2016-01-06,12.63
2016-01-07,12.36
2016-01-08,12.23
2016-01-11,12.25
2016-01-12,12.33
2016-01-13,12.09
2016-01-14,12.29
2016-01-15,12.04
2016-01-19,12.05
2016-01-20,11.87
2016-01-21,11.97
2016-01-22,12.19
2016-01-25,12.06
2016-01-26,12.26
2016-01-27,12.19
2016-01-28,12.28
2016-01-29,12.56
2016-02-01,12.55
2016-02-02,12.35
2016-02-03,12.46
2016-02-04,12.46
2016-02-05,12.33
2016-02-08,12.31
2016-02-09,12.29
2016-02-10,12.22
2016-02-11,12.09
2016-02-12,12.29
2016-02-16,12.44
2016-02-17,12.62
2016-02-18,12.62
2016-02-19,12.6
2016-02-22,12.74
2016-02-23,12.64
2016-02-24,12.69
2016-02-25,12.84
2016-02-26,12.75
2016-02-29,12.65
2016-03-01,12.88
2016-03-02,12.94
2016-03-03,12.97
2016-03-04,13.02
2016-03-07,13.07
2016-03-08,12.99
2016-03-09,13.08
2016-03-10,13.08
2016-03-11,13.22
2016-03-14,13.19
2016-03-15,13.2
2016-03-16,13.27
2016-03-17,13.39
2016-03-18,13.41
2016-03-21,13.33
2016-03-22,13.3
2016-03-23,13.23
2016-03-24,13.24
2016-03-28,13.24
2016-03-29,13.36
2016-03-30,13.39
2016-03-31,13.36
2016-04-01,13.42
2016-04-04,13.38
2016-04-05,13.32
2016-04-06,13.43
2016-04-07,13.3
2016-04-08,13.35
2016-04-11,13.3
2016-04-12,13.41
2016-04-13,13.47
2016-04-14,13.45
2016-04-15,13.45
2016-04-18,13.54
2016-04-19,13.56
2016-04-20,13.52
2016-04-21,13.43
2016-04-22,13.43
2016-04-25,13.43
2016-04-26,13.45
2016-04-27,13.54
2016-04-28,13.42
2016-04-29,13.34
2016-05-02,13.42
2016-05-03,13.35
2016-05-04,13.3
2016-05-05,13.31
2016-05-06,13.38
2016-05-09,13.38
2016-05-10,13.53
2016-05-11,13.43
2016-05-12,13.46
2016-05-13,13.33
2016-05-16,13.45
2016-05-17,13.32
2016-05-18,13.24
2016-05-19,13.22
2016-05-20,13.27
2016-05-23,13.26
2016-05-24,13.42
2016-05-25,13.5
2016-05-26,13.52
2016-05-27,13.55
2016-05-31,13.53
2016-06-01,13.56
2016-06-02,13.57
2016-06-03,13.59
2016-06-06,13.67
2016-06-07,13.72
2016-06-08,13.76
2016-06-09,13.77
2016-06-10,13.71
2016-06-13,13.6
2016-06-14,13.61
2016-06-15,13.58
2016-06-16,13.66
2016-06-17,13.63
2016-06-20,13.63
2016-06-21,13.66
2016-06-22,13.63
2016-06-23,13.79
2016-06-24,13.4
2016-06-27,13.22
2016-06-28,13.39
2016-06-29,13.58
2016-06-30,13.81
2016-07-01,13.83
2016-07-05,13.78
2016-07-06,13.83
2016-07-07,13.81
2016-07-08,13.99
2016-07-11,14.05
2016-07-12,14.13
2016-07-13,14.16
2016-07-14,14.22
2016-07-15,14.21
2016-07-18,14.22
2016-07-19,14.23
2016-07-20,14.28
2016-07-21,14.23
2016-07-22,14.31
2016-07-25,14.28
2016-07-26,14.29
2016-07-27,14.21
2016-07-28,14.18
2016-07-29,14.21
2016-08-01,14.16
2016-08-02,14.07
2016-08-03,14.08
2016-08-04,14.1
2016-08-05,14.18
2016-08-08,14.18
2016-08-09,14.19
2016-08-10,14.19
2016-08-11,14.26
2016-08-12,14.25
2016-08-15,14.29
2016-08-16,14.21
2016-08-17,14.23
2016-08-18,14.28
2016-08-19,14.23
2016-08-22,14.21
2016-08-23,14.24
2016-08-24,14.21
2016-08-25,14.2
2016-08-26,14.16
2016-08-29,14.24
2016-08-30,14.19
2016-08-31,14.16
2016-09-01,14.19
2016-09-02,14.25
2016-09-06,14.29
2016-09-07,14.26
2016-09-08,14.23
2016-09-09,13.88
2016-09-12,14.08
2016-09-13,13.88
2016-09-14,13.85
2016-09-15,13.99
2016-09-16,13.95
2016-09-19,13.87
2016-09-20,13.86
2016-09-21,14
2016-09-22,14.07
2016-09-23,14
2016-09-26,13.88
2016-09-27,13.99
2016-09-28,14.07
2016-09-29,13.99
2016-09-30,14.1
2016-10-03,14.05
2016-10-04,13.94
2016-10-05,14
2016-10-06,14.01
2016-10-07,13.99
2016-10-10,14.01
2016-10-11,13.87
2016-10-12,13.88
2016-10-13,13.83
2016-10-14,13.85
2016-10-17,13.82
2016-10-18,13.83
2016-10-19,13.8
2016-10-20,13.75
2016-10-21,13.8
2016-10-24,13.87
2016-10-25,13.87
2016-10-26,13.9
2016-10-27,13.85
2016-10-28,13.87
2016-10-31,13.88
2016-11-01,13.79
2016-11-02,13.74
2016-11-03,13.7
2016-11-04,13.65
2016-11-07,13.9
2016-11-08,13.98
2016-11-09,14.11
2016-11-10,14.09
2016-11-11,14.08
2016-11-14,14.06
2016-11-15,14.18
2016-11-16,14.18
2016-11-17,14.19
2016-11-18,14.17
2016-11-21,14.27
2016-11-22,14.34
2016-11-23,14.35
2016-11-25,14.41
2016-11-28,14.39
2016-11-29,14.39
2016-11-30,14.34
2016-12-01,14.24
2016-12-02,14.29
2016-12-05,14.35
2016-12-06,14.39
2016-12-07,14.59
2016-12-08,14.6
2016-12-09,14.68
2016-12-12,14.75
2016-12-13,14.84
2016-12-14,14.69
2016-12-15,14.74
2016-12-16,14.74
2016-12-19,14.65
2016-12-20,14.68
2016-12-21,14.65
2016-12-22,14.64
2016-12-23,14.65
2016-12-27,14.67
2016-12-28,14.56
2016-12-29,14.57
2016-12-30,14.52
2017-01-03,14.6
2017-01-04,14.62
2017-01-05,14.61
2017-01-06,14.61
2017-01-09,14.53
2017-01-10,14.48
2017-01-11,14.52
2017-01-12,14.49
2017-01-13,14.5
2017-01-17,14.5
2017-01-18,14.51
2017-01-19,14.46
2017-01-20,14.53
2017-01-23,14.47
2017-01-24,14.56
2017-01-25,14.65
2017-01-26,14.6
2017-01-27,14.6
2017-01-30,14.52
2017-01-31,14.45
2017-02-01,14.39
2017-02-02,14.4
2017-02-03,14.47
2017-02-06,14.45
2017-02-07,14.48
2017-02-08,14.5
2017-02-09,14.56
2017-02-10,14.6
2017-02-13,14.67
2017-02-14,14.7
2017-02-15,14.78
2017-02-16,14.81
2017-02-17,14.83
2017-02-21,14.91
2017-02-22,14.9
2017-02-23,14.96
2017-02-24,15
2017-02-27,15
2017-02-28,14.95
2017-03-01,15.1
2017-03-02,15.05
2017-03-03,15.04
2017-03-06,15.01
2017-03-07,14.97
2017-03-08,14.95
2017-03-09,14.96
2017-03-10,15.02
2017-03-13,15.01
2017-03-14,14.96
2017-03-15,15.08
2017-03-16,15.06
2017-03-17,15.07
2017-03-20,14.95
2017-03-21,14.83
2017-03-22,14.85
2017-03-23,14.83
2017-03-24,14.79
2017-03-27,14.78
2017-03-28,14.86
2017-03-29,14.85
2017-03-30,14.87
2017-03-31,14.86
2017-04-03,14.82
2017-04-04,14.85
2017-04-05,14.81
2017-04-06,14.82
2017-04-07,14.83
2017-04-10,14.83
2017-04-11,14.83
2017-04-12,14.79
2017-04-13,14.7
2017-04-17,14.79
2017-04-18,14.79
2017-04-19,14.73
2017-04-20,14.8
2017-04-21,14.78
2017-04-24,14.91
2017-04-25,14.99
2017-04-26,14.96
2017-04-27,14.97
2017-04-28,14.9
2017-05-01,14.87
2017-05-02,14.88
2017-05-03,14.89
2017-05-04,14.9
2017-05-05,14.96
2017-05-08,14.94
2017-05-09,14.93
2017-05-10,14.94
2017-05-11,14.87
2017-05-12,14.85
2017-05-15,14.93
2017-05-16,14.94
2017-05-17,14.76
2017-05-18,14.77
2017-05-19,14.89
2017-05-22,14.96
2017-05-23,14.95
2017-05-24,14.98
2017-05-25,15.08
2017-05-26,15.08
2017-05-30,15.11
2017-05-31,15.16
2017-06-01,15.23
2017-06-02,15.26
2017-06-05,15.27
2017-06-06,15.22
2017-06-07,15.21
2017-06-08,15.2
2017-06-09,15.23
2017-06-12,15.26
2017-06-13,15.31
2017-06-14,15.33
2017-06-15,15.32
2017-06-16,15.35
2017-06-19,15.32
2017-06-20,15.24
2017-06-21,15.18
2017-06-22,15.16
2017-06-23,15.19
2017-06-26,15.18
2017-06-27,15.08
2017-06-28,15.14
2017-06-29,14.99
2017-06-30,15.03
2017-07-03,15.07
2017-07-05,15.08
2017-07-06,14.97
2017-07-07,15.03
2017-07-10,15
2017-07-11,14.99
2017-07-12,15.09
2017-07-13,15.1
2017-07-14,15.19
2017-07-17,15.18
2017-07-18,15.16
2017-07-19,15.21
2017-07-20,15.21
2017-07-21,15.19
2017-07-24,15.09
2017-07-25,15.17
2017-07-26,15.2
2017-07-27,15.32
2017-07-28,15.25
2017-07-31,15.28
2017-08-01,15.29
2017-08-02,15.28
2017-08-03,15.31
2017-08-04,15.33
2017-08-07,15.35
2017-08-08,15.32
2017-08-09,15.32
2017-08-10,15.22
2017-08-11,15.21
2017-08-14,15.33
2017-08-15,15.33
2017-08-16,15.36
2017-08-17,15.15
2017-08-18,15.1
2017-08-21,15.15
2017-08-22,15.23
2017-08-23,15.18
2017-08-24,15.16
2017-08-25,15.2
2017-08-28,15.18
2017-08-29,15.2
2017-08-30,15.23
2017-08-31,15.28
2017-09-01,15.3
2017-09-05,15.24
2017-09-06,15.3
2017-09-07,15.33
2017-09-08,15.3
2017-09-11,15.43
2017-09-12,15.51
2017-09-13,15.54
2017-09-14,15.59
2017-09-15,15.65
2017-09-18,15.57
2017-09-19,15.58
2017-09-20,15.59
2017-09-21,15.53
2017-09-22,15.56
2017-09-25,15.57
2017-09-26,15.55
2017-09-27,15.55
2017-09-28,15.59
2017-09-29,15.6
2017-10-02,15.67
2017-10-03,15.72
2017-10-04,15.76
2017-10-05,15.82
2017-10-06,15.8
2017-10-09,15.82
2017-10-10,15.91
2017-10-11,15.95
2017-10-12,15.97
2017-10-13,16
2017-10-16,16
2017-10-17,16.01
2017-10-18,16.06
2017-10-19,16.1
2017-10-20,16.15
2017-10-23,16.17
2017-10-24,16.19
2017-10-25,16.11
2017-10-26,16.16
2017-10-27,16.27
2017-10-30,16.16
2017-10-31,16.16
2017-11-01,16.22
2017-11-02,16.24
2017-11-03,16.26
2017-11-06,16.21
2017-11-07,16.25
2017-11-08,16.3
2017-11-09,16.22
2017-11-10,16.23
2017-11-13,16.29
2017-11-14,16.31
2017-11-15,16.19
2017-11-16,16.35
2017-11-17,16.29
2017-11-20,16.34
2017-11-21,16.44
2017-11-22,16.4
2017-11-24,16.43
2017-11-27,16.45
2017-11-28,16.62
2017-11-29,16.69
2017-11-30,16.84
2017-12-01,16.82
2017-12-04,16.88
2017-12-05,16.81
2017-12-06,16.82
2017-12-07,16.81
2017-12-08,16.87
2017-12-11,16.92
2017-12-12,16.94
2017-12-13,17
2017-12-14,16.93
2017-12-15,17.05
2017-12-18,17.06
2017-12-19,17.07
2017-12-20,17.07
2017-12-21,17.04
2017-12-22,17.06
2017-12-26,17.07
2017-12-27,17.09
2017-12-28,17.1
2017-12-29,17.06
2018-01-02,17.11
2018-01-03,17.16
2018-01-04,17.24
2018-01-05,17.35
2018-01-08,17.39
2018-01-09,17.39
2018-01-10,17.34
2018-01-11,17.46
2018-01-12,17.56
2018-01-16,17.53
2018-01-17,17.8
2018-01-18,17.75
2018-01-19,17.8
2018-01-22,17.95
2018-01-23,17.9
2018-01-24,17.86
2018-01-25,17.89
2018-01-26,18.19
2018-01-29,18.06
2018-01-30,17.83
2018-01-31,17.83
2018-02-01,17.78
2018-02-02,17.39
2018-02-05,16.63
2018-02-06,16.91
2018-02-07,16.88
2018-02-08,16.26
2018-02-09,16.48
2018-02-12,16.71
2018-02-13,16.72
2018-02-14,16.82
2018-02-15,17.01
2018-02-16,17.03
2018-02-20,16.83
2018-02-21,16.68
2018-02-22,16.75
2018-02-23,16.99
2018-02-26,17.22
2018-02-27,17.05
2018-02-28,16.83
2018-03-01,16.62
2018-03-02,16.67
2018-03-05,16.85
2018-03-06,16.86
2018-03-07,16.82
2018-03-08,16.89
2018-03-09,17.13
2018-03-12,17.04
2018-03-13,16.97
2018-03-14,16.81
2018-03-15,16.82
2018-03-16,16.8
2018-03-19,16.59
2018-03-20,16.59
2018-03-21,16.53
2018-03-22,16.17
2018-03-23,15.86
2018-03-26,16.25
2018-03-27,16.08
2018-03-28,16.14
2018-03-29,16.34
2018-04-02,15.96
2018-04-03,16.18
2018-04-04,16.37
2018-04-05,16.45
2018-04-06,16.12
2018-04-09,16.12
2018-04-10,16.36
2018-04-11,16.31
2018-04-12,16.4
2018-04-13,16.38
2018-04-16,16.55
2018-04-17,16.65
2018-04-18,16.59
2018-04-19,16.38
2018-04-20,16.22
2018-04-23,16.23
2018-04-24,16.07
2018-04-25,16.15
2018-04-26,16.29
2018-04-27,16.31
2018-04-30,16.16
2018-05-01,16.07
2018-05-02,15.91
2018-05-03,15.87
2018-05-04,16.08
2018-05-07,16.06
2018-05-08,16.06
2018-05-09,16.17
2018-05-10,16.33
2018-05-11,16.4
2018-05-14,16.47
2018-05-15,16.37
2018-05-16,16.48
2018-05-17,16.51
2018-05-18,16.46
2018-05-21,16.62
2018-05-22,16.53
2018-05-23,16.57
2018-05-24,16.55
2018-05-25,16.53
2018-05-29,16.41
2018-05-30,16.64
2018-05-31,16.45
2018-06-01,16.61
2018-06-04,16.69
2018-06-05,16.73
2018-06-06,16.84
2018-06-07,16.88
2018-06-08,16.96
2018-06-11,16.99
2018-06-12,17
2018-06-13,16.91
2018-06-14,16.91
2018-06-15,16.97
2018-06-18,16.83
2018-06-19,16.78
2018-06-20,16.78
2018-06-21,16.7
2018-06-22,16.78
2018-06-25,16.65
2018-06-26,16.48
2018-06-27,16.36
2018-06-28,16.42
2018-06-29,16.43
2018-07-02,16.4
2018-07-03,16.37
2018-07-05,16.55
2018-07-06,16.62
2018-07-09,16.72
2018-07-10,16.86
2018-07-11,16.71
2018-07-12,16.79
2018-07-13,16.86
2018-07-16,16.81
2018-07-17,16.86
2018-07-18,16.88
2018-07-19,16.89
2018-07-20,16.87
2018-07-23,16.86
2018-07-24,16.91
2018-07-25,17.01
2018-07-26,17.11
2018-07-27,17.03
2018-07-30,17.02
2018-07-31,17.18
2018-08-01,17.03
2018-08-02,17.11
2018-08-03,17.24
2018-08-06,17.27
2018-08-07,17.32
2018-08-08,17.31
2018-08-09,17.27
2018-08-10,17.16
2018-08-13,17.08
2018-08-14,17.18
2018-08-15,17.16
2018-08-16,17.36
2018-08-17,17.45
2018-08-20,17.5
2018-08-21,17.53
2018-08-22,17.47
2018-08-23,17.46
2018-08-24,17.52
2018-08-27,17.61
2018-08-28,17.61
2018-08-29,17.64
2018-08-30,17.55
2018-08-31,17.57
2018-09-04,17.56
2018-09-05,17.7
2018-09-06,17.7
2018-09-07,17.65
2018-09-10,17.72
2018-09-11,17.69
2018-09-12,17.73
2018-09-13,17.8
2018-09-14,17.82
2018-09-17,17.81
2018-09-18,17.9
2018-09-19,17.88
2018-09-20,18.01
2018-09-21,18.05
2018-09-24,17.9
2018-09-25,17.67
2018-09-26,17.64
2018-09-27,17.64
2018-09-28,17.67
2018-10-01,17.72
2018-10-02,17.77
2018-10-03,17.76
2018-10-04,17.67
2018-10-05,17.56
2018-10-08,17.65
2018-10-09,17.59
2018-10-10,17.15
2018-10-11,16.71
2018-10-12,16.83
2018-10-15,16.81
2018-10-16,17.08
2018-10-17,17
2018-10-18,16.81
2018-10-19,16.85
2018-10-22,16.8
2018-10-23,16.73
2018-10-24,16.35
2018-10-25,16.52
2018-10-26,16.32
2018-10-29,16.37
2018-10-30,16.69
2018-10-31,16.62
2018-11-01,16.82
2018-11-02,16.76
2018-11-05,16.95
2018-11-06,17.07
2018-11-07,17.28
2018-11-08,17.27
2018-11-09,17.17
2018-11-12,16.94
2018-11-13,16.92
2018-11-14,16.84
2018-11-15,16.96
2018-11-16,17.01
2018-11-19,16.87
2018-11-20,16.53
2018-11-21,16.55
2018-11-23,16.47
2018-11-26,16.65
2018-11-27,16.77
2018-11-28,17.03
2018-11-29,17
2018-11-30,17.18
2018-12-03,17.27
2018-12-04,16.81
2018-12-06,16.74
2018-12-07,16.41
2018-12-10,16.44
2018-12-11,16.47
2018-12-12,16.35
2018-12-13,16.37
2018-12-14,16.16
2018-12-17,15.82
2018-12-18,15.79
2018-12-19,15.55
2018-12-20,15.35
2018-12-21,15.17
2018-12-24,14.74
2018-12-26,15.38
2018-12-27,15.56
2018-12-28,15.53
2018-12-31,15.66
2019-01-02,15.66
2019-01-03,15.35
2019-01-04,15.77
2019-01-07,15.88
2019-01-08,16.03
2019-01-09,16.04
2019-01-10,16.11
2019-01-11,16.13
2019-01-14,16.06
2019-01-15,16.09
2019-01-16,16.03
2019-01-17,16.15
2019-01-18,16.41
2019-01-22,16.19
2019-01-23,16.26
2019-01-24,16.31
2019-01-25,16.37
2019-01-28,16.27
2019-01-29,16.29
2019-01-30,16.45
2019-01-31,16.6
2019-02-01,16.64
2019-02-04,16.74
2019-02-05,16.78
2019-02-06,16.84
2019-02-07,16.73
2019-02-08,16.73
2019-02-11,16.76
2019-02-12,17
2019-02-13,17.1
2019-02-14,17.04
2019-02-15,17.24
2019-02-19,17.31
2019-02-20,17.3
2019-02-21,17.24
2019-02-22,17.36
2019-02-25,17.36
2019-02-26,17.32
2019-02-27,17.28
2019-02-28,17.28
2019-03-01,17.35
2019-03-04,17.28
2019-03-05,17.24
2019-03-06,17.17
2019-03-07,17.06
2019-03-08,17.01
2019-03-11,17.25
2019-03-12,17.27
2019-03-13,17.38
2019-03-14,17.33
2019-03-15,17.42
2019-03-18,17.51
2019-03-19,17.49
2019-03-20,17.26
2019-03-21,17.45
2019-03-22,17.2
2019-03-25,17.17
2019-03-26,17.36
2019-03-27,17.3
2019-03-28,17.33
2019-03-29,17.43
2019-04-01,17.63
2019-04-02,17.57
2019-04-03,17.6
2019-04-04,17.7
2019-04-05,17.77
2019-04-08,17.83
2019-04-09,17.68
2019-04-10,17.7
2019-04-11,17.75
2019-04-12,17.87
2019-04-15,17.88
2019-04-16,18.02
2019-04-17,18.07
2019-04-18,18.07
2019-04-22,18.08
2019-04-23,18.2
2019-04-24,18.18
2019-04-25,17.91
2019-04-26,17.91
2019-04-29,17.88
2019-04-30,17.99
2019-05-01,17.83
2019-05-02,17.85
2019-05-03,18
2019-05-06,17.89
2019-05-07,17.59
2019-05-08,17.55
2019-05-09,17.46
2019-05-10,17.56
2019-05-13,17.18
2019-05-14,17.3
2019-05-15,17.39
2019-05-16,17.44
2019-05-17,17.35
2019-05-20,17.25
2019-05-21,17.38
2019-05-22,17.31
2019-05-23,17.14
2019-05-24,17.13
2019-05-28,16.87
2019-05-29,16.83
2019-05-30,16.86
2019-05-31,16.62
2019-06-03,16.81
2019-06-04,17.16
2019-06-05,17.22
2019-06-06,17.35
2019-06-07,17.46
2019-06-10,17.53
2019-06-11,17.57
2019-06-12,17.52
2019-06-13,17.63
2019-06-14,17.57
2019-06-17,17.53
2019-06-18,17.69
2019-06-19,17.72
2019-06-20,17.9
2019-06-21,17.88
2019-06-24,17.82
2019-06-25,17.72
2019-06-26,17.58
2019-06-27,17.62
2019-06-28,17.69
2019-07-01,17.84
2019-07-02,17.83
2019-07-03,17.97
2019-07-05,17.92
2019-07-08,17.85
2019-07-09,17.77
2019-07-10,17.82
2019-07-11,17.87
2019-07-12,18.02
2019-07-15,18.05
2019-07-16,18.04
2019-07-17,17.9
2019-07-18,17.96
2019-07-19,17.92
2019-07-22,17.91
2019-07-23,18.1
2019-07-24,18.28
2019-07-25,18.26
2019-07-26,18.35
2019-07-29,18.34
2019-07-30,18.27
2019-07-31,17.98
2019-08-01,17.73
2019-08-02,17.63
2019-08-05,17.14
2019-08-06,17.28
2019-08-07,17.34
2019-08-08,17.64
2019-08-09,17.43
2019-08-12,17.25
2019-08-13,17.49
2019-08-14,17.04
2019-08-15,17.08
2019-08-16,17.38
2019-08-19,17.61
2019-08-20,17.5
2019-08-21,17.66
2019-08-22,17.71
2019-08-23,17.24
2019-08-26,17.4
2019-08-27,17.35
2019-08-28,17.53
2019-08-29,17.71
2019-08-30,17.75
2019-09-03,17.65
2019-09-04,17.87
2019-09-05,18.09
2019-09-06,18.16
2019-09-09,18.28
2019-09-10,18.39
2019-09-11,18.51
2019-09-12,18.59
2019-09-13,18.55
2019-09-16,18.44
2019-09-17,18.44
2019-09-18,18.43
2019-09-19,18.38
2019-09-20,18.29
2019-09-23,18.34
2019-09-24,18.21
2019-09-25,18.13
2019-09-26,18.14
2019-09-27,18.17
2019-09-30,18.26
2019-10-01,18.02
2019-10-02,17.66
2019-10-03,17.8
2019-10-04,18.04
2019-10-07,17.91
2019-10-08,17.62
2019-10-09,17.78
2019-10-10,17.92
2019-10-11,18.16
2019-10-14,18.12
2019-10-15,18.25
2019-10-16,18.21
2019-10-17,18.25
2019-10-18,18.25
2019-10-21,18.37
2019-10-22,18.4
2019-10-23,18.38
2019-10-24,18.36
2019-10-25,18.5
2019-10-28,18.59
2019-10-29,18.6
2019-10-30,18.63
2019-10-31,18.51
2019-11-01,18.7
2019-11-04,18.8
2019-11-05,18.79
2019-11-06,18.85
2019-11-07,18.95
2019-11-08,18.98
2019-11-11,18.88
2019-11-12,18.89
2019-11-13,18.86
2019-11-14,18.89
2019-11-15,19
2019-11-18,19
2019-11-19,18.89
2019-11-20,18.82
2019-11-21,18.83
2019-11-22,18.87
2019-11-25,18.98
2019-11-26,19.04
2019-11-27,19.11
2019-11-29,19.03
2019-12-02,18.94
2019-12-03,18.76
2019-12-04,18.91
2019-12-05,18.94
2019-12-06,19.11
2019-12-09,19.14
2019-12-10,19.08
2019-12-11,19.14
2019-12-12,19.17
2019-12-13,19.13
2019-12-16,19.19
2019-12-17,19.2
2019-12-18,19.16
2019-12-19,19.19
2019-12-20,19.35
2019-12-23,19.34
2019-12-24,19.32
2019-12-26,19.36
2019-12-27,19.38
2019-12-30,19.26
2019-12-31,19.31
2020-01-02,19.36
2020-01-03,19.22
2020-01-06,19.21
2020-01-07,19.19
2020-01-08,19.26
2020-01-09,19.38
2020-01-10,19.33
2020-01-13,19.47
2020-01-14,19.47
2020-01-15,19.5
2020-01-16,19.64
2020-01-17,19.72
2020-01-21,19.66
2020-01-22,19.74
2020-01-23,19.76
2020-01-24,19.61
2020-01-27,19.34
2020-01-28,19.44
2020-01-29,19.3
2020-01-30,19.31
2020-01-31,18.97
2020-02-03,19.02
2020-02-04,19.25
2020-02-05,19.63
2020-02-06,19.66
2020-02-07,19.49
2020-02-10,19.58
2020-02-11,19.65
2020-02-12,19.71
2020-02-13,19.64
2020-02-14,19.62
2020-02-17,58.85
2020-02-18,19.5
2020-02-19,19.58
2020-02-20,19.54
2020-02-21,19.4
2020-02-24,18.8
2020-02-25,18.27
2020-02-26,18.18
2020-02-27,17.4
2020-02-28,17.19
2020-03-02,17.94
2020-03-03,17.49
2020-03-04,18.28
2020-03-05,17.7
2020-03-06,17.41
2020-03-09,16.15
2020-03-10,16.9
2020-03-11,16.12
2020-03-12,14.52
2020-03-13,15.79
2020-03-16,14.22
2020-03-17,15.35
2020-03-18,14.62
2020-03-19,14.31
2020-03-20,13.51
2020-03-23,13.17
2020-03-24,14.22
2020-03-25,14.21
2020-03-26,15.16
2020-03-27,14.8
2020-03-30,15.25
2020-03-31,14.99
2020-04-01,14.52
2020-04-02,14.93
2020-04-03,14.77
2020-04-06,15.59
2020-04-07,15.6
2020-04-08,16.08
2020-04-09,16.24
2020-04-13,16.08
2020-04-14,16.53
2020-04-15,16.07
2020-04-16,16.13
2020-04-17,16.63
2020-04-20,16.31
2020-04-21,15.92
2020-04-22,16.21
2020-04-23,16.22
2020-04-24,16.5
2020-04-27,16.81
2020-04-28,16.93
2020-04-29,17.21
2020-04-30,16.88
2020-05-01,16.44
2020-05-04,16.47
2020-05-05,16.61
2020-05-06,16.48
2020-05-07,16.55
2020-05-08,16.94
2020-05-11,16.93
2020-05-12,16.59
2020-05-13,16.29
2020-05-14,16.49
2020-05-15,16.52
2020-05-18,17.1
2020-05-19,16.82
2020-05-20,17.03
2020-05-21,16.88
2020-05-22,16.9
2020-05-26,17.2
2020-05-27,17.58
2020-05-28,17.48
2020-05-29,17.51
2020-06-01,17.49
2020-06-02,17.75
2020-06-03,18.03
2020-06-04,18.09
2020-06-05,18.57
2020-06-08,18.83
2020-06-09,18.59
2020-06-10,18.35
2020-06-11,17.23
2020-06-12,17.39
2020-06-15,17.51
2020-06-16,17.87
2020-06-17,17.77
2020-06-18,17.76
2020-06-19,17.65
2020-06-22,17.54
2020-06-23,17.6
2020-06-24,16.89
2020-06-25,17.11
2020-06-26,16.68
2020-06-29,17.03
2020-06-30,17.25
2020-07-01,17.09
2020-07-02,17.23
2020-07-06,17.4
2020-07-07,17.13
2020-07-08,17.16
2020-07-09,16.79
2020-07-10,17.16
2020-07-13,17.23
2020-07-14,17.44
2020-07-15,17.78
2020-07-16,17.81
2020-07-17,17.78
2020-07-20,17.63
2020-07-21,17.89
2020-07-22,18.01
2020-07-23,18.03
2020-07-24,17.95
2020-07-27,18.07
2020-07-28,17.97
2020-07-29,18.23
2020-07-30,18.22
2020-07-31,18.16
2020-08-03,18.24
2020-08-04,18.31
2020-08-05,18.51
2020-08-06,18.48
2020-08-07,18.75
2020-08-10,18.99
2020-08-11,19.09
2020-08-12,19.2
2020-08-13,19.07
2020-08-14,19.14
2020-08-17,19.06
2020-08-18,18.97
2020-08-19,18.92
2020-08-20,18.8
2020-08-21,18.78
2020-08-24,19.17
2020-08-25,19.07
2020-08-26,19.01
2020-08-27,19.12
2020-08-28,19.29
2020-08-31,19.09
2020-09-01,19.15
2020-09-02,19.51
2020-09-03,19.08
2020-09-04,19.11
2020-09-08,18.65
2020-09-09,18.87
2020-09-10,18.59
2020-09-11,18.72
2020-09-14,19
2020-09-15,18.97
2020-09-16,19.09
2020-09-17,19.04
2020-09-18,18.87
2020-09-21,18.38
2020-09-22,18.38
2020-09-23,17.84
2020-09-24,17.9
2020-09-25,18.09
2020-09-28,18.49
2020-09-29,18.31
2020-09-30,18.43
2020-10-01,18.42
2020-10-02,18.51
2020-10-05,18.91
2020-10-06,18.79
2020-10-07,19.17
2020-10-08,19.46
2020-10-09,19.49
2020-10-12,19.62
2020-10-13,19.45
2020-10-14,19.44
2020-10-15,19.54
2020-10-16,19.58
2020-10-19,19.33
2020-10-20,19.38
2020-10-21,19.24
2020-10-22,19.46
2020-10-23,19.57
2020-10-26,19.12
2020-10-27,18.85
2020-10-28,18.27
2020-10-29,18.51
2020-10-30,18.5
2020-11-02,18.92
2020-11-03,19.25
2020-11-04,19.02
2020-11-05,19.48
2020-11-06,19.34
2020-11-09,20.26
2020-11-10,20.48
2020-11-11,20.47
2020-11-12,20.12
2020-11-13,20.5
2020-11-16,20.96
2020-11-17,20.92
2020-11-18,20.7
2020-11-19,20.76
2020-11-20,20.62
2020-11-23,20.95
2020-11-24,21.47
2020-11-25,21.27
2020-11-27,21.23
2020-11-30,20.94
2020-12-01,21.21
2020-12-02,21.31
2020-12-03,21.36
2020-12-04,21.71
2020-12-07,21.56
2020-12-08,21.7
2020-12-09,21.72
2020-12-10,21.42
2020-12-11,21.3
2020-12-14,21.03
2020-12-15,21.31
2020-12-16,21.33
2020-12-17,21.38
2020-12-18,21.31
2020-12-21,21.17
2020-12-22,21.05
2020-12-23,21.24
2020-12-24,21.28
2020-12-28,21.29
2020-12-29,21.16
2020-12-30,21.26
2020-12-31,21.38
2021-01-04,21.08
2021-01-05,21.25
2021-01-06,21.83
2021-01-07,21.98
2021-01-08,21.91
2021-01-11,22
2021-01-12,22.2
2021-01-13,22.12
2021-01-14,22.22
2021-01-15,21.96
2021-01-19,22.1
2021-01-20,22.13
2021-01-21,22.07
2021-01-22,21.91
2021-01-25,21.95
2021-01-26,21.92
2021-01-27,21.5
2021-01-28,21.66
2021-01-29,21.19
2021-02-01,21.41
2021-02-02,21.64
2021-02-03,21.72
2021-02-04,21.91
2021-02-05,22.01
2021-02-08,22.27
2021-02-09,22.3
2021-02-10,22.31
2021-02-11,22.23
2021-02-12,22.34
2021-02-16,22.46
2021-02-17,22.49
2021-02-18,22.41
2021-02-19,22.6
2021-02-22,22.79
2021-02-23,22.84
2021-02-24,23.23
2021-02-25,22.76
2021-02-26,22.47
2021-03-01,23.03
2021-03-02,22.95
2021-03-03,23.01
2021-03-04,22.78
2021-03-05,23.39
2021-03-08,23.7
2021-03-09,23.57
2021-03-10,23.96
2021-03-11,23.96
2021-03-12,24.18
2021-03-15,24.21
2021-03-16,24.01
2021-03-17,24.12
2021-03-18,24.08
2021-03-19,23.99
2021-03-22,24.08
2021-03-23,23.81
2021-03-24,23.69
2021-03-25,24
2021-03-26,24.56
2021-03-29,24.51
2021-03-30,24.4
2021-03-31,24.31
2021-04-01,24.44
2021-04-05,24.75
2021-04-06,24.66
2021-04-07,24.6
2021-04-08,24.61
2021-04-09,24.75
2021-04-12,24.82
2021-04-13,24.68
2021-04-14,24.74
2021-04-15,24.86
2021-04-16,25.06
2021-04-19,24.95
2021-04-20,24.8
2021-04-21,25.08
2021-04-22,24.76
2021-04-23,24.99
2021-04-26,24.94
2021-04-27,24.91
2021-04-28,24.76
2021-04-29,24.97
2021-04-30,24.84
2021-05-03,25.1
2021-05-04,25.25
2021-05-05,25.37
2021-05-06,25.69
2021-05-07,25.8
2021-05-10,25.83
2021-05-11,25.56
2021-05-12,25.11
2021-05-13,25.55
2021-05-14,25.79
2021-05-17,25.8
2021-05-18,25.52
2021-05-19,25.42
2021-05-20,25.57
2021-05-21,25.6
2021-05-24,25.68
2021-05-25,25.5
2021-05-26,25.5
2021-05-27,25.6
2021-05-28,25.64
2021-06-01,25.66
2021-06-02,25.74
2021-06-03,25.72
2021-06-04,25.88
2021-06-07,25.77
2021-06-08,25.74
2021-06-09,25.66
2021-06-10,25.74
2021-06-11,25.78
2021-06-14,25.65
2021-06-15,25.64
2021-06-16,25.44
2021-06-17,25.11
2021-06-18,24.66
2021-06-21,25.1
2021-06-22,25.14
2021-06-23,24.84
2021-06-24,25.01
2021-06-25,25.17
2021-06-28,25.1
2021-06-29,25.07
2021-06-30,25.21
2021-07-01,25.32
2021-07-02,25.36
2021-07-05,76.07
2021-07-06,25.09
2021-07-07,25.2
2021-07-08,24.97
2021-07-09,25.34
2021-07-12,25.4
2021-07-13,25.27
2021-07-14,25.3
2021-07-15,25.35
2021-07-16,25.15
2021-07-19,24.74
2021-07-20,25.07
2021-07-21,25.27
2021-07-22,25.07
2021-07-23,25.27
2021-07-26,25.33
2021-07-27,25.31
2021-07-28,25.28
2021-07-29,25.44
2021-07-30,25.37
2021-08-02,25.33
2021-08-03,25.62
2021-08-04,25.3
2021-08-05,25.44
2021-08-06,25.52
2021-08-09,25.5
2021-08-10,25.73
2021-08-11,25.87
2021-08-12,25.89
2021-08-13,25.94
2021-08-16,26.04
2021-08-17,25.87
2021-08-18,25.5
2021-08-19,25.5
2021-08-20,25.64
2021-08-23,25.8
2021-08-24,25.78
2021-08-25,25.83
2021-08-26,25.7
2021-08-27,25.91
2021-08-30,25.88
2021-08-31,25.9
2021-09-01,25.78
2021-09-02,25.94
2021-09-03,25.93
2021-09-07,25.59
2021-09-08,25.6
2021-09-09,25.46
2021-09-10,25.34
2021-09-13,25.47
2021-09-14,25.29
2021-09-15,25.52
2021-09-16,25.35
2021-09-17,25.18
2021-09-20,24.83
2021-09-21,24.74
2021-09-22,24.76
2021-09-23,25.1
2021-09-24,25.15
2021-09-27,25.31
2021-09-28,25.01
2021-09-29,25.13
2021-09-30,24.75
2021-10-01,25.08
2021-10-04,24.98
2021-10-05,25.13
2021-10-06,25.17
2021-10-07,25.36
2021-10-08,25.35
2021-10-11,25.23
2021-10-12,25.1
2021-10-13,25.17
2021-10-14,25.55
2021-10-15,25.67
2021-10-18,25.58
2021-10-19,25.81
2021-10-20,26.06
2021-10-21,25.93
2021-10-22,26
2021-10-25,26.06
2021-10-26,25.99
2021-10-27,25.64
2021-10-28,25.85
2021-10-29,25.84
2021-11-01,25.89
2021-11-02,26.07
2021-11-03,26.22
2021-11-04,26.14
2021-11-05,26.3
2021-11-08,26.28
2021-11-09,26.23
2021-11-10,26.26
2021-11-11,26.31
2021-11-12,26.38
2021-11-15,26.4
2021-11-16,26.43
2021-11-17,26.32
2021-11-18,26.22
2021-11-19,26.05
2021-11-22,26.18
2021-11-23,26.32
2021-11-24,26.24
2021-11-26,25.76
2021-11-29,25.85
2021-11-30,25.31
2021-12-01,25.19
2021-12-02,25.57
2021-12-03,25.61
2021-12-06,25.87
2021-12-07,26.14
2021-12-08,25.88
2021-12-09,25.82
2021-12-10,26.09
2021-12-13,26.01
2021-12-14,25.99
2021-12-15,26.33
2021-12-16,26.52
2021-12-17,26.2
2021-12-20,26.03
2021-12-21,26.24
2021-12-22,26.38
2021-12-23,26.53
2021-12-27,26.85
2021-12-28,26.9
2021-12-29,26.95
2021-12-30,26.9
2021-12-31,26.94
2022-01-03,26.94
2022-01-04,27.26
2022-01-05,27.09
2022-01-06,27.17
2022-01-07,27.22
2022-01-10,27.22
2022-01-11,27.31
2022-01-12,27.3
2022-01-13,27.26
2022-01-14,27.24
2022-01-18,26.92
2022-01-19,26.61
2022-01-20,26.24
2022-01-21,25.89
2022-01-24,25.99
2022-01-25,26.01
2022-01-26,25.8
2022-01-27,25.7
2022-01-28,26.02
2022-01-31,26.21
2022-02-01,26.36
2022-02-02,26.58
2022-02-03,26.28
2022-02-04,26.18
2022-02-07,26.25
2022-02-08,26.46
2022-02-09,26.58
2022-02-10,26.14
2022-02-11,25.96
2022-02-14,25.76
2022-02-15,26.01
2022-02-16,26.05
2022-02-17,25.76
2022-02-18,25.78
2022-02-22,25.55
2022-02-23,25.22
2022-02-24,25.05
2022-02-25,25.81
2022-02-28,25.7
2022-03-01,25.24
2022-03-02,25.83
2022-03-03,25.93
2022-03-04,25.88
2022-03-07,25.42
2022-03-08,25.16
2022-03-09,25.55
2022-03-10,25.38
2022-03-11,25.23
2022-03-14,25.38
2022-03-15,25.71
2022-03-16,25.97
2022-03-17,26.2
2022-03-18,26.25
2022-03-21,26.3
2022-03-22,26.48
2022-03-23,25.99
2022-03-24,26.23
2022-03-25,26.49
2022-03-28,26.43
2022-03-29,26.69
2022-03-30,26.62
2022-03-31,26.3
2022-04-01,26.41
2022-04-04,26.45
2022-04-05,26.29
2022-04-06,26.32
2022-04-07,26.43
2022-04-08,26.49
2022-04-11,26.3
2022-04-12,26.22
2022-04-13,26.38
2022-04-14,26.23
2022-04-18,26.19
2022-04-19,26.48
2022-04-20,26.75
2022-04-21,26.52
2022-04-22,25.92
2022-04-25,25.97
2022-04-26,25.53
2022-04-27,25.57
2022-04-28,25.93
2022-04-29,25.21
2022-05-02,25.31
2022-05-03,25.5
2022-05-04,26.27
2022-05-05,25.62
2022-05-06,25.68
2022-05-09,25.33
2022-05-10,25.2
2022-05-11,25
2022-05-12,25.15
2022-05-13,25.43
2022-05-16,25.52
2022-05-17,25.98
2022-05-18,25.17
2022-05-19,24.8
2022-05-20,24.91
2022-05-23,25.22
2022-05-24,25.37
2022-05-25,25.62
2022-05-26,25.97
2022-05-27,26.37
2022-05-31,26.2
2022-06-01,25.98
2022-06-02,26.2
2022-06-03,26.02
2022-06-06,26.04
2022-06-07,26.29
2022-06-08,25.9
2022-06-09,25.42
2022-06-10,24.9
2022-06-13,24.19
2022-06-14,24.05
2022-06-15,24.13
2022-06-16,23.53
2022-06-17,23.44
2022-06-21,23.99
2022-06-22,23.63
2022-06-23,23.7
2022-06-24,24.34
2022-06-27,24.34
2022-06-28,24.09
2022-06-29,23.95
2022-06-30,23.88
2022-07-01,24.06
2022-07-05,23.88
2022-07-06,23.95
2022-07-07,24.21
2022-07-08,24.17
2022-07-11,24.03
2022-07-12,23.94
2022-07-13,23.76
2022-07-14,23.6
2022-07-15,23.94
2022-07-18,23.75
2022-07-19,24.2
2022-07-20,24.14
2022-07-21,24.16
2022-07-22,24.06
2022-07-25,24.17
2022-07-26,24.1
2022-07-27,24.45
2022-07-28,24.61
2022-07-29,24.81
2022-08-01,24.83
2022-08-02,24.61
2022-08-03,24.87
2022-08-04,24.8
2022-08-05,24.87
2022-08-08,24.9
2022-08-09,24.89
2022-08-10,25.32
2022-08-11,25.36
2022-08-12,25.75
2022-08-15,25.8
2022-08-16,25.96
2022-08-17,25.79
2022-08-18,25.95
2022-08-19,25.74
2022-08-22,25.27
2022-08-23,25.22
2022-08-24,25.23
2022-08-25,25.51
2022-08-26,24.76
2022-08-29,24.6
2022-08-30,24.34
2022-08-31,24.13
2022-09-01,24.23
2022-09-02,24.01
2022-09-06,23.93
2022-09-07,24.28
2022-09-08,24.47
2022-09-09,24.76
2022-09-12,24.86
2022-09-13,23.9
2022-09-14,23.92
2022-09-15,23.73
2022-09-16,23.73
2022-09-19,23.92
2022-09-20,23.67
2022-09-21,23.14
2022-09-22,23.06
2022-09-23,22.69
2022-09-26,22.44
2022-09-27,22.34
2022-09-28,22.76
2022-09-29,22.41
2022-09-30,22.14
2022-10-03,22.74
2022-10-04,23.33
2022-10-05,23.29
2022-10-06,22.99
2022-10-07,22.53
2022-10-10,22.46
2022-10-11,22.41
2022-10-12,22.39
2022-10-13,23.04
2022-10-14,22.65
2022-10-17,23.02
2022-10-18,23.33
2022-10-19,23.07
2022-10-20,22.84
2022-10-21,23.37
2022-10-24,23.78
2022-10-25,24.02
2022-10-26,24.13
2022-10-27,24.17
2022-10-28,24.73
2022-10-31,24.63
2022-11-01,24.69
2022-11-02,24.24
2022-11-03,24.05
2022-11-04,24.49
2022-11-07,24.75
2022-11-08,25.02
2022-11-09,24.59
2022-11-10,25.57
2022-11-11,25.64
2022-11-14,25.49
2022-11-15,25.58
2022-11-16,25.39
2022-11-17,25.48
2022-11-18,25.65
2022-11-21,25.72
2022-11-22,26.1
2022-11-23,26.09
2022-11-25,26.15
2022-11-28,25.77
2022-11-29,25.85
2022-11-30,26.31
2022-12-01,26.35
2022-12-02,26.34
2022-12-05,25.88
2022-12-06,25.57
2022-12-07,25.34
2022-12-08,25.5
2022-12-09,25.34
2022-12-12,25.66
2022-12-13,25.78
2022-12-14,25.68
2022-12-15,25.16
2022-12-16,24.94
2022-12-19,24.86
2022-12-20,24.9
2022-12-21,25.25
2022-12-22,25.03
2022-12-23,25.2
2022-12-27,25.28
2022-12-28,24.97
2022-12-29,25.26
2022-12-30,25.18
2023-01-03,25.15
2023-01-04,25.4
2023-01-05,25.25
2023-01-06,25.88
2023-01-09,25.69
2023-01-10,25.82
2023-01-11,25.92
2023-01-12,25.96
2023-01-13,25.98
2023-01-17,25.72
2023-01-18,25.23
2023-01-19,25.01
2023-01-20,25.31
2023-01-23,25.51
2023-01-24,25.49
2023-01-25,25.5
2023-01-26,25.49
2023-01-27,25.45
2023-01-30,25.35
2023-01-31,25.7
2023-02-01,25.82
2023-02-02,26.01
2023-02-03,25.8
2023-02-06,25.67
2023-02-07,25.8
2023-02-08,25.59
2023-02-09,25.37
2023-02-10,25.6
2023-02-13,25.88
2023-02-14,25.71
2023-02-15,25.76
2023-02-16,25.58
2023-02-17,25.64
2023-02-21,25.15
2023-02-22,25.05
2023-02-23,25.12
2023-02-24,24.95
2023-02-27,24.96
2023-02-28,24.85
2023-03-01,24.84
2023-03-02,24.93
2023-03-03,25.19
2023-03-06,25.18
2023-03-07,24.78
2023-03-08,24.75
2023-03-09,24.28
2023-03-10,23.99
2023-03-13,23.64
2023-03-14,23.85
2023-03-15,23.66
2023-03-16,23.88
2023-03-17,23.5
2023-03-20,23.86
2023-03-21,24.11
2023-03-22,23.45
2023-03-23,23.43
2023-03-24,23.61
2023-03-27,23.71
2023-03-28,23.75
2023-03-29,24.03
2023-03-30,24.1
2023-03-31,24.39
2023-04-03,24.52
2023-04-04,24.28
2023-04-05,24.34
2023-04-06,24.32
2023-04-10,24.41
2023-04-11,24.51
2023-04-12,24.41
2023-04-13,24.58
2023-04-14,24.53
2023-04-17,24.64
2023-04-18,24.65
2023-04-19,24.59
2023-04-20,24.44
2023-04-21,24.39
2023-04-24,24.44
2023-04-25,24.05
2023-04-26,23.7
2023-04-27,23.94
2023-04-28,24.19
2023-05-01,24.21
2023-05-02,23.7
2023-05-03,23.49
2023-05-04,23.27
2023-05-05,23.66
2023-05-08,23.54
2023-05-09,23.45
2023-05-10,23.41
2023-05-11,23.3
2023-05-12,23.35
2023-05-15,23.4
2023-05-16,23.06
2023-05-17,23.39
2023-05-18,23.51
2023-05-19,23.53
2023-05-22,23.53
2023-05-23,23.53
2023-05-24,23.3
2023-05-25,23.21
2023-05-26,23.48
2023-05-30,23.39
2023-05-31,23.2
2023-06-01,23.29
2023-06-02,23.75
2023-06-05,23.6
2023-06-06,23.66
2023-06-07,23.93
2023-06-08,23.97
2023-06-09,23.91
2023-06-12,24.04
2023-06-13,24.19
2023-06-14,24.14
2023-06-15,24.45
2023-06-16,24.45
2023-06-20,24.21
2023-06-21,23.91
2023-06-22,23.81
2023-06-23,23.57
2023-06-26,23.69
2023-06-27,23.89
2023-06-28,23.84
2023-06-29,24
2023-06-30,24.21
2023-07-03,24.35
2023-07-05,24.24
2023-07-06,23.98
2023-07-07,23.94
2023-07-10,24.13
2023-07-11,24.41
2023-07-12,24.48
2023-07-13,24.59
2023-07-14,24.46
2023-07-17,24.4
2023-07-18,24.59
2023-07-19,24.83
2023-07-20,24.93
2023-07-21,24.99
2023-07-24,25.14
2023-07-25,25.11
2023-07-26,25.16
2023-07-27,25.05
2023-07-28,25.21
2023-07-31,25.22
2023-08-01,25.11
2023-08-02,24.85
2023-08-03,24.82
2023-08-04,24.72
2023-08-07,24.94
2023-08-08,24.85
2023-08-09,24.78
2023-08-10,24.79
2023-08-11,24.86
2023-08-14,24.82
2023-08-15,24.52
2023-08-16,24.42
2023-08-17,24.46
2023-08-18,24.52
2023-08-21,24.51
2023-08-22,24.32
2023-08-23,24.53
2023-08-24,24.34
2023-08-25,24.45
2023-08-28,24.59
2023-08-29,24.82
2023-08-30,24.86
2023-08-31,24.84
2023-09-01,24.89
2023-09-05,24.67
2023-09-06,24.48
2023-09-07,24.46
2023-09-08,24.56
2023-09-11,24.59
2023-09-12,24.59
2023-09-13,24.52
2023-09-14,24.78
2023-09-15,24.54
2023-09-18,24.54
2023-09-19,24.48
2023-09-20,24.16
2023-09-21,23.81
2023-09-22,23.76
2023-09-25,23.83
2023-09-26,23.54
2023-09-27,23.55
2023-09-28,23.67
2023-09-29,23.59
2023-10-02,23.39
2023-10-03,23.14
2023-10-04,23.15
2023-10-05,23.07
2023-10-06,23.21
2023-10-09,23.47
2023-10-10,23.58
2023-10-11,23.62
2023-10-12,23.49
2023-10-13,23.44
2023-10-16,23.72
2023-10-17,23.81
2023-10-18,23.54
2023-10-19,23.33
2023-10-20,23.1
2023-10-23,22.92
2023-10-24,23.09
2023-10-25,22.85
2023-10-26,22.73
2023-10-27,22.3
2023-10-30,22.56
2023-10-31,22.69
2023-11-01,22.72
2023-11-02,23.22
2023-11-03,23.42
2023-11-06,23.31
2023-11-07,23.23
2023-11-08,23.19
2023-11-09,22.92
2023-11-10,23.15
2023-11-13,23.09
2023-11-14,23.6
2023-11-15,23.78
2023-11-16,23.59
2023-11-17,23.71
2023-11-20,23.83
2023-11-21,23.77
2023-11-22,23.84
2023-11-24,23.93
2023-11-27,23.81
2023-11-28,23.85
2023-11-29,23.94
2023-11-30,24.12
2023-12-01,24.38
2023-12-04,24.48
2023-12-05,24.34
2023-12-06,24.04
2023-12-07,24.13
2023-12-08,24.17
2023-12-11,24.41
2023-12-12,24.42
2023-12-13,24.82
2023-12-14,25.23
2023-12-15,25.15
2023-12-18,25.18
2023-12-19,25.32
2023-12-20,24.94
2023-12-21,25.13
2023-12-22,25.28
2023-12-26,25.41
2023-12-27,25.43
2023-12-28,25.44
2023-12-29,25.38
2024-01-02,25.56
2024-01-03,25.4
2024-01-04,25.37
2024-01-05,25.46
2024-01-08,25.61
2024-01-09,25.47
2024-01-10,25.46
2024-01-11,25.35
2024-01-12,25.42
2024-01-16,25.24
2024-01-17,25.08
2024-01-18,25.23
2024-01-19,25.53
2024-01-22,25.64
2024-01-23,25.65
2024-01-24,25.47
2024-01-25,25.69
2024-01-26,25.67
2024-01-29,25.78
2024-01-30,25.73
2024-01-31,25.41
2024-02-01,25.68
2024-02-02,25.67
2024-02-05,25.46
2024-02-06,25.58
2024-02-07,25.62
2024-02-08,25.69
2024-02-09,25.6
2024-02-12,25.75
2024-02-13,25.36
2024-02-14,25.46
2024-02-15,25.75
2024-02-16,25.66
2024-02-20,25.66
2024-02-21,25.76
2024-02-22,25.93
2024-02-23,25.96
2024-02-26,25.82
2024-02-27,25.85
2024-02-28,25.81
2024-02-29,25.88
2024-03-01,26.05
2024-03-04,26.13
2024-03-05,26.04
2024-03-06,26.13
2024-03-07,26.25
2024-03-08,26.14
2024-03-11,26.29
2024-03-12,26.34
2024-03-13,26.42
2024-03-14,26.28
2024-03-15,26.19
2024-03-18,26.24
2024-03-19,26.36
2024-03-20,26.41
2024-03-21,26.62
2024-03-22,26.46
2024-03-25,26.47
2024-03-26,26.29
2024-03-27,26.74
2024-03-28,26.88
2024-04-01,26.71
2024-04-02,26.58
2024-04-03,26.51
2024-04-04,26.24
2024-04-05,26.34
2024-04-08,26.37
2024-04-09,26.52
2024-04-10,26.04
2024-04-11,25.98
2024-04-12,25.6
2024-04-15,25.47
2024-04-16,25.31
2024-04-17,25.27
2024-04-18,25.27
2024-04-19,25.55
2024-04-22,25.75
2024-04-23,25.92
2024-04-24,26.04
2024-04-25,25.85
2024-04-26,25.83
2024-04-29,25.97
2024-04-30,25.66
2024-05-01,25.63
2024-05-02,25.76
2024-05-03,25.99
2024-05-06,26.04
2024-05-07,26.08
2024-05-08,26.17
2024-05-09,26.39
2024-05-10,26.43
2024-05-13,26.52
2024-05-14,26.56
2024-05-15,26.72
2024-05-16,26.67
2024-05-17,26.69
2024-05-20,26.56
2024-05-21,26.49
2024-05-22,26.4
2024-05-23,25.99
2024-05-24,26.03
2024-05-28,25.81
2024-05-29,25.47
2024-05-30,25.72
2024-05-31,26.19
2024-06-03,26.05
2024-06-04,26.06
2024-06-05,26.05
2024-06-06,26.03
2024-06-07,25.96
2024-06-10,25.92
2024-06-11,25.83
2024-06-12,25.81
2024-06-13,25.7
2024-06-14,25.6
2024-06-17,25.77
2024-06-18,25.88
2024-06-20,26.02
2024-06-21,26.04
2024-06-24,26.4
2024-06-25,26.19
2024-06-26,25.81
2024-06-27,25.76
2024-06-28,25.92
2024-07-01,25.8
2024-07-02,25.82
2024-07-03,25.73
2024-07-05,25.67
2024-07-08,25.7
2024-07-09,25.7
2024-07-10,25.96
2024-07-11,26.27
2024-07-12,26.55
2024-07-15,26.64
2024-07-16,27.09
2024-07-17,27.44
2024-07-18,27.2
2024-07-19,27.04
2024-07-22,27.06
2024-07-23,26.83
2024-07-24,26.9
2024-07-25,27.06
2024-07-26,27.49
2024-07-29,27.38
2024-07-30,27.6
2024-07-31,27.53
2024-08-01,27.25
2024-08-02,26.93
2024-08-05,26.33
2024-08-06,26.46
2024-08-07,26.3
2024-08-08,26.74
2024-08-09,26.72
2024-08-12,26.6
2024-08-13,26.88
2024-08-14,26.91
2024-08-15,27.2
2024-08-16,27.32
2024-08-19,27.48
2024-08-20,27.41
2024-08-21,27.52
2024-08-22,27.45
2024-08-23,27.84
2024-08-26,27.87
2024-08-27,27.83
2024-08-28,27.83
2024-08-29,27.95
2024-08-30,28.18
2024-09-03,27.93
2024-09-04,27.83
2024-09-05,27.57
2024-09-06,27.33
2024-09-09,27.66
2024-09-10,27.69
2024-09-11,27.52
2024-09-12,27.54
2024-09-13,27.79
2024-09-16,28.05
2024-09-17,28.03
2024-09-18,28.05
2024-09-19,28.29
2024-09-20,28.16
2024-09-23,28.31
2024-09-24,28.35
2024-09-25,27.79
2024-09-26,27.91
2024-09-27,28.09
2024-09-30,28.18
2024-10-01,28.16
2024-10-02,28.18
2024-10-03,28.11
2024-10-04,28.22
2024-10-07,28.1
2024-10-08,28.05
2024-10-09,28.32
2024-10-10,28.21
2024-10-11,28.54
2024-10-14,28.69
2024-10-15,28.57
2024-10-16,28.8
2024-10-17,28.81
2024-10-18,28.81
2024-10-21,28.47
2024-10-22,28.33
2024-10-23,28.28
2024-10-24,28.33
2024-10-25,28.15
2024-10-28,28.32
2024-10-29,28.09
2024-10-30,28.18
2024-10-31,28.23
2024-11-01,28.1
2024-11-04,28.13
2024-11-05,28.38
2024-11-06,29.04
2024-11-07,28.91
2024-11-08,29.08
2024-11-11,29.16
2024-11-12,28.91
2024-11-13,29.01
2024-11-14,28.88
2024-11-15,28.63
2024-11-18,28.79
2024-11-19,28.64
2024-11-20,28.71
2024-11-21,28.98
2024-11-22,29.35
2024-11-25,29.51
2024-11-26,29.45
2024-11-27,29.44
2024-11-29,29.53
2024-12-02,29.34
2024-12-03,29.18
2024-12-04,28.94
2024-12-05,28.95
2024-12-06,28.82
2024-12-09,28.79
2024-12-10,28.68
2024-12-11,28.25
2024-12-12,28.2
2024-12-13,28.13
2024-12-16,27.87
2024-12-17,27.81
2024-12-18,27.08
2024-12-19,26.93
2024-12-20,27.29
2024-12-23,27.37
2024-12-24,27.58
2024-12-26,27.59
2024-12-27,27.47
2024-12-30,27.23
2024-12-31,27.32
2025-01-02,27.26
2025-01-03,27.44
2025-01-06,27.27
2025-01-07,27.26
2025-01-08,27.32
2025-01-10,27.01
2025-01-13,27.3
2025-01-14,27.52
2025-01-15,27.82
2025-01-16,27.83
2025-01-17,27.99
2025-01-21,28.22
2025-01-22,27.92
2025-01-23,28.09
2025-01-24,28.07
2025-01-27,28.45
2025-01-28,28.07
2025-01-29,28.01
2025-01-30,27.98
2025-01-31,27.83
2025-02-03,27.72
2025-02-04,27.76
2025-02-05,27.95
2025-02-06,27.75
2025-02-07,27.56
2025-02-10,27.68
2025-02-11,27.87
2025-02-12,27.65
2025-02-13,27.85
2025-02-14,27.79
2025-02-18,27.99
2025-02-19,28.18
2025-02-20,28.32
2025-02-21,28.21
2025-02-24,28.26
2025-02-25,28.45
2025-02-26,28.15
2025-02-27,28.17
2025-02-28,28.54
2025-03-03,28.4
2025-03-04,27.92
2025-03-05,28.05
2025-03-06,28.07
2025-03-07,28.46
2025-03-10,28.38
2025-03-11,27.74
2025-03-12,27.44
2025-03-13,27.29
2025-03-14,27.64
2025-03-17,27.96
2025-03-18,27.92
2025-03-19,28.03
2025-03-20,27.95
2025-03-21,27.76
2025-03-24,28.09
2025-03-25,27.84
2025-03-26,27.8
2025-03-27,27.75
2025-03-28,27.58
2025-03-31,27.96
2025-04-01,27.87
2025-04-02,27.87
2025-04-03,26.73
2025-04-04,25.28
2025-04-07,24.94
2025-04-08,24.32
2025-04-09,25.87
2025-04-10,24.97
2025-04-11,25.3
2025-04-14,25.6
2025-04-15,25.43
2025-04-16,25.13
2025-04-17,25.42
2025-04-21,25.03
2025-04-22,25.44
2025-04-23,25.42
2025-04-24,25.71
2025-04-25,25.67
2025-04-28,25.79
2025-04-29,25.89
2025-04-30,25.82
2025-05-01,25.71
2025-05-02,26.06
2025-05-05,25.8
2025-05-06,25.55
2025-05-07,25.64
2025-05-08,25.78
2025-05-09,25.73
2025-05-12,26.43
2025-05-13,26.31
2025-05-14,26
2025-05-15,26.42
2025-05-16,26.6
2025-05-19,26.58
2025-05-20,26.48
2025-05-21,26.01
2025-05-22,25.96
2025-05-23,25.89
2025-05-27,26.27
2025-05-28,26.04
2025-05-29,26.19
2025-05-30,26.17
2025-06-02,26.25
2025-06-03,26.44
2025-06-04,26.29
2025-06-05,26.23
2025-06-06,26.54
2025-06-09,26.65
2025-06-10,26.95
2025-06-11,26.86
2025-06-12,27.02
2025-06-13,26.9
2025-06-16,26.92
2025-06-17,26.72
2025-06-18,26.64
2025-06-20,26.7
2025-06-23,26.7
2025-06-24,26.74
2025-06-25,26.2
2025-06-26,26.39
2025-06-27,26.39
2025-06-30,26.5
2025-07-01,27.05
2025-07-02,27.31
2025-07-03,27.35
2025-07-07,27.06
2025-07-08,27.32
2025-07-09,27.29
2025-07-10,27.51
2025-07-11,27.33
2025-07-14,27.31
2025-07-15,26.87
2025-07-16,26.93
2025-07-17,27.14
2025-07-18,27.02
2025-07-21,26.95
2025-07-22,27.24
2025-07-23,27.38
2025-07-24,27.28
2025-07-25,27.32
2025-07-28,27.2
2025-07-29,27.17
2025-07-30,26.84
2025-07-31,26.5
2025-08-01,26.38
2025-08-04,26.61
2025-08-05,26.74
2025-08-06,26.68
2025-08-07,26.75
2025-08-08,26.88
2025-08-11,26.79
2025-08-12,27.1
2025-08-13,27.46
2025-08-14,27.34
2025-08-15,27.33
2025-08-18,27.26
2025-08-19,27.45
2025-08-20,27.51
2025-08-21,27.52
2025-08-22,27.95
2025-08-25,27.77
2025-08-26,27.75
2025-08-27,27.87
2025-08-28,27.82
2025-08-29,27.92
2025-09-02,27.84
2025-09-03,27.6
2025-09-04,27.69
2025-09-05,27.64
2025-09-08,27.44
2025-09-09,27.45
2025-09-10,27.5
2025-09-11,27.72
2025-09-12,27.48
2025-09-15,27.34
2025-09-16,27.42
2025-09-17,27.47
2025-09-18,27.45
2025-09-19,27.33
2025-09-22,27.25
2025-09-23,27.4
2025-09-24,27.16
2025-09-25,26.99
2025-09-26,27.21
2025-09-29,27.1
2025-09-30,27.3
2025-10-01,27.53
2025-10-02,27.34
2025-10-03,27.41
2025-10-06,27.34
2025-10-07,27.28
2025-10-08,27.18
2025-10-09,27
2025-10-10,26.54
2025-10-13,26.63
2025-10-14,26.87
2025-10-15,26.78
2025-10-16,26.57
2025-10-17,26.79
2025-10-20,26.99
2025-10-21,27.07
2025-10-22,26.99
2025-10-23,27.03
2025-10-24,27.03
2025-10-27,27.12
2025-10-28,27
2025-10-29,26.74
2025-10-30,26.68
2025-10-31,26.75
2025-11-03,26.47
2025-11-04,26.44
2025-11-05,26.57
2025-11-06,26.52
2025-11-07,26.72
2025-11-10,26.77
2025-11-11,27.18
2025-11-12,27.19
2025-11-13,27.22
2025-11-14,27.24
2025-11-17,27
2025-11-18,27.16
2025-11-19,26.93
2025-11-20,26.62
2025-11-21,27.1
2025-11-24,26.95
2025-11-25,27.32
2025-11-26,27.45
2025-11-28,27.59
2025-12-01,27.53
2025-12-02,27.4
2025-12-03,27.8
2025-12-04,27.75
2025-12-05,27.71
2025-12-08,27.58
2025-12-09,27.46
2025-12-10,27.57
2025-12-11,27.68
2025-12-12,27.68
2025-12-15,27.76
2025-12-16,27.47
2025-12-17,27.6
2025-12-18,27.48
2025-12-19,27.46
2025-12-22,27.62
2025-12-23,27.54
2025-12-24,27.66
2025-12-26,27.64
2025-12-29,27.62
2025-12-30,27.63
2025-12-31,27.43
2026-01-02,27.73
2026-01-05,27.91
2026-01-06,28.09
2026-01-07,27.9
2026-01-08,28.42
2026-01-09,28.55
2026-01-12,28.5
2026-01-13,28.62
2026-01-14,29.04
2026-01-15,29.03
2026-01-16,28.9
2026-01-20,28.7
2026-01-21,29.15
2026-01-22,29.17
2026-01-23,29.14
2026-01-26,29.18
2026-01-27,29.37
2026-01-28,29.3
2026-01-29,29.37
2026-01-30,29.82
2026-02-02,30
2026-02-03,30.5
2026-02-04,31.01
2026-02-05,30.97
2026-02-06,31.47
2026-02-09,31.35
2026-02-10,31.3
2026-02-11,31.64
2026-02-12,31.34
2026-02-13,31.61
2026-02-17,31.42
2026-02-18,31.56
2026-02-19,31.57
2026-02-20,31.61
2026-02-23,31.53
2026-02-24,31.64
2026-02-25,31.51
2026-02-26,31.51
2026-02-27,31.77
2026-03-02,31.86
2026-03-03,31.59
2026-03-04,31.54
2026-03-05,31.26
2026-03-06,31.13
2026-03-09,31.02
2026-03-10,30.9
2026-03-11,31
2026-03-12,30.82
2026-03-13,30.8
2026-03-16,30.87
2026-03-17,30.95
2026-03-18,30.58
2026-03-19,30.59
2026-03-20,30.39
2026-03-23,30.54
2026-03-24,30.6399993896
2026-03-25,30.5400009155
